"","fold","order","type","complexity","id","AIC","AICc","BIC","R2","R2_adjusted","RMSE","Sigma","R2_s"
"1","fold_1","Passeriformes","within","total",1,92.8008247701499,95.4674914368166,94.4956728425345,0.257344856258205,0.189830752281679,6.81792195800509,7.41186259090375,0.257015520732519
"2","fold_2","Passeriformes","within","total",2,59.686197850259,62.086197850259,61.6033698391047,0.025489303762945,-0.0557199209234762,1.64612769089788,1.77802112019634,0.0250571502996094
"3","fold_3","Passeriformes","within","total",3,28.8099224602385,31.2099224602385,30.7270944490843,0.42050760999412,0.37221657749363,0.546457662113564,0.59024173513603,0.42025063011254
"4","fold_4","Passeriformes","within","total",4,50.9064135926091,53.3064135926091,52.8235855814549,0.640459250272094,0.610497521128102,1.2030523499885,1.29944505448094,0.640299809456509
"5","fold_5","Passeriformes","within","total",5,16.9778627649861,19.6445294316528,18.6727108373707,0.628669120223634,0.594911767516691,0.369090634834712,0.401243822653664,0.628504450993877
"6","fold_1","Accipitriformes","within","total",6,45.2191028011525,69.2191028011525,44.0474165384548,0.354694509189213,0.13959267891895,12.2187510963267,15.7743398358422,0.354408344035931
"7","fold_1","Anseriformes","within","total",8,40.3085630329165,52.3085630329165,39.6838414406006,0.483116141272851,0.353895176591064,4.22115330699111,5.16983586409501,0.4828869255746
"8","fold_2","Anseriformes","within","total",9,22.6915876338353,34.6915876338353,22.0668660415195,0.169725510274623,-0.0378431121567218,0.972414721749997,1.19095994332899,0.169357319347997
"9","fold_1","Charadriiformes","within","total",10,35.4793908570145,59.4793908570145,34.3077045943168,0.30532088139248,0.0737611751899736,4.61356350277466,5.95608487097221,0.305012821164745
"10","fold_2","Charadriiformes","within","total",11,24.019774668357,36.019774668357,23.3950530760412,0.0346378700227095,-0.206702662471613,1.08622605738862,1.33034979295862,0.0342097735539343
"11","total","Accipitriformes","betweeen","total",12,103.543493128629,106.972064557201,104.737178947025,0.294908930818783,0.216565478687537,20.3861675381274,22.5377562124306,0.294596253340034
"12","total","Anseriformes","betweeen","total",13,72.2625372949936,75.2625372949936,73.7172572443576,0.349174855248625,0.284092340773487,3.82669122832062,4.19193021271671,0.348886242366882
"13","total","Charadriiformes","betweeen","total",14,57.6521608957874,61.0807323243588,58.8458467141825,0.701484292924973,0.668315881027747,2.53168974210023,2.79888832004603,0.701351914083806
"14","total","Passeriformes","betweeen","total",15,381.068341905423,381.443341905423,387.726865020952,0.00226039673278609,-0.0128568699833838,3.81490942246818,3.87227970070267,0.00181794225104057
"15","fold_1","Passeriformes","within","only_body_mass",16,16.1213212290602,18.7879878957269,17.8161693014448,0.0202497956986101,-0.0688184046924254,0.357129453719223,0.388240647874166,0.0198153187394268
"16","fold_2","Passeriformes","within","only_body_mass",17,55.5919431427779,57.9919431427779,57.5091151316236,0.624585382975762,0.593300831557076,1.42219619541505,1.53614746079119,0.624418902784667
"17","fold_3","Passeriformes","within","only_body_mass",18,15.9454296787766,18.3454296787766,17.8626016676224,0.617202227028403,0.585302412614103,0.345160892321391,0.372816373727669,0.617032472726079
"18","fold_4","Passeriformes","within","only_body_mass",19,58.4838058995466,60.8838058995466,60.4009778883923,0.00123377276871714,-0.0819967461672231,1.57693502591692,1.70328450020077,0.00079086302352164
"19","fold_5","Passeriformes","within","only_body_mass",20,43.698770153459,46.3654368201257,45.3936182258436,0.982374560837082,0.980772248185907,1.03150011498762,1.12135884832373,0.982366744714995
"20","fold_1","Accipitriformes","within","only_body_mass",21,52.9291488146122,76.9291488146122,51.7574625519145,0.0162765405363507,-0.311631279284866,26.4161706764083,34.1031297001007,0.0158403016098687
"21","fold_2","Accipitriformes","within","only_body_mass",22,56.79852747093,68.79852747093,56.1738058786142,0.390975054715678,0.238718818394597,16.6810290616787,20.4300047928251,0.390704978419564
"22","fold_1","Anseriformes","within","only_body_mass",23,20.8995200444436,32.8995200444436,20.2747984521277,0.977534035808608,0.97191754476076,0.837518552881147,1.02574655233649,0.977524073122441
"23","fold_2","Anseriformes","within","only_body_mass",24,23.9585505604907,35.9585505604907,23.3338289681748,0.909386395766021,0.886732994707526,1.08069823576867,1.32357962177961,0.909346212540689
"24","fold_1","Charadriiformes","within","only_body_mass",25,26.7793581051972,50.7793581051972,25.6076718424995,0.180718931397038,-0.0923747581372822,1.93285324658379,2.49530281156065,0.180355615578537
"25","fold_2","Charadriiformes","within","only_body_mass",26,43.411870308912,55.411870308912,42.7871487165962,0.127377220194274,-0.0907784747571578,5.46693060211542,6.6955952171946,0.126990249627471
"26","total","Accipitriformes","betweeen","only_body_mass",27,102.416638707516,105.845210136087,103.610324525911,0.363562856614237,0.292847618460264,19.3682659993205,21.412423719848,0.363280624190549
"27","total","Anseriformes","betweeen","only_body_mass",28,55.436847026544,58.436847026544,56.891566975908,0.83985171687579,0.823836888563369,1.89824560325969,2.07942387318066,0.839780698019387
"28","total","Charadriiformes","betweeen","only_body_mass",29,70.7476014486825,74.1761728772539,71.9412872670776,0.0182691893682035,-0.0908120118131073,4.59116709087954,5.07572619675832,0.0178338340955359
"29","total","Passeriformes","betweeen","only_body_mass",30,321.681424176079,322.056424176079,328.339947291607,0.583388014479741,0.577075711668828,2.46513952731629,2.50221137487735,0.583203265032552
"30","fold_1","Passeriformes","within","only_HWI",31,96.1160629278302,98.7827295944969,97.8109110002148,0.0309881468512222,-0.0571038397986665,7.74512712149143,8.41984087338736,0.0305584318876323
"31","fold_2","Passeriformes","within","only_HWI",32,31.4179600486011,33.8179600486011,33.3351320374468,0.0340597246368016,-0.0464352983101315,0.599802859200989,0.647861133440874,0.0336313717854831
"32","fold_3","Passeriformes","within","only_HWI",33,41.369473317039,43.769473317039,43.2866453058847,0.102861720624891,0.0281001973436317,0.855779048050209,0.924347017590621,0.102463878491377
"33","fold_4","Passeriformes","within","only_HWI",34,69.5952754337846,71.9952754337847,71.5124474226304,0.00563995075979049,-0.0772233866768934,2.34508419127443,2.53298042659751,0.00519899496449649
"34","fold_5","Passeriformes","within","only_HWI",35,36.3438671853294,39.0105338519961,38.038715257714,0.148985800281758,0.0716208730346451,0.777348337407213,0.845066736993801,0.14860841218825
"35","fold_1","Accipitriformes","within","only_HWI",36,49.5701442076798,73.5701442076798,48.3984579449821,0.260262831523444,0.0136837753645919,18.8794850898732,24.3733104460167,0.259934789993936
"36","fold_2","Accipitriformes","within","only_HWI",37,61.1685506170603,73.1685506170603,60.5438290247445,0.145021018479782,-0.0687237269002732,24.0092863049665,29.4052502677801,0.144641872176545
"37","fold_1","Anseriformes","within","only_HWI",38,43.6323496045691,55.6323496045691,43.0076280122533,0.138721820113346,-0.0765977248583181,5.5683044525169,6.81975232056702,0.138339880387316
"38","fold_2","Anseriformes","within","only_HWI",39,22.3098109956217,34.3098109956217,21.6850894033058,0.112702749441095,-0.109121563198632,0.941964569694055,1.15366627576538,0.11230927137942
"39","fold_1","Charadriiformes","within","only_HWI",40,38.29101090026,62.29101090026,37.1193246375624,0.0212340474785127,-0.30502127002865,6.11144080787992,7.88983615675044,0.0208000069925432
"40","fold_2","Charadriiformes","within","only_HWI",41,35.1560826279468,47.1560826279468,34.5313610356309,0.000812759123666896,-0.248984051095416,2.74761982611194,3.36513329056445,0.000369662677078052
"41","total","Accipitriformes","betweeen","only_HWI",42,107.275158636216,110.703730064787,108.468844454611,0.0101342879988762,-0.0998507911123598,24.154670780104,26.7039933040553,0.00969532524830784
"42","total","Anseriformes","betweeen","only_HWI",43,73.3394884880578,76.3394884880578,74.7942084374218,0.288064765827356,0.216871242410091,4.00231717494809,4.38431879801884,0.28774905325662
"43","total","Charadriiformes","betweeen","only_HWI",44,70.3738008353242,73.8023722638956,71.5674866537193,0.0510697730098588,-0.0543669188779348,4.51381783917921,4.9902133815234,0.0506489633813538
"44","total","Passeriformes","betweeen","only_HWI",45,380.054232539131,380.429232539131,386.71275565466,0.0170296561559081,0.00213616609766432,3.78656863431842,3.84351271137184,0.0165937512037216
"45","fold_1","Passeriformes","within","only_Latitude",46,20.1604953746997,22.8271620413664,21.8553434470843,0.247528596194924,0.179122104939917,0.417152216706713,0.453492270631055,0.247194907581273
"46","fold_2","Passeriformes","within","only_Latitude",47,13.5561215478269,15.9561215478269,15.4732935366727,0.0536746916213523,-0.0251857507435349,0.31692914439309,0.342322600763313,0.0532550371619019
"47","fold_3","Passeriformes","within","only_Latitude",48,20.1696852541239,22.5696852541239,22.0868572429696,0.113428613390642,0.0395476645065295,0.40136728605405,0.433526217623332,0.113035457218322
"48","fold_4","Passeriformes","within","only_Latitude",49,14.5582116986467,16.9582116986467,16.4753836874925,0.0769054649822879,-1.90796025214546e-05,0.328477112777174,0.354795832211757,0.0764961123688846
"49","fold_5","Passeriformes","within","only_Latitude",50,36.2298811999386,38.8965478666053,37.9247292723232,0.0502244258475888,-0.0361188081662667,0.773947842398166,0.841370009178001,0.049803241344077
"50","fold_1","Accipitriformes","within","only_Latitude",51,14.2804935453213,38.2804935453213,13.1088072826236,0.0092655036060467,-0.320979328525271,0.553834607806679,0.714997404196195,0.00882615558707066
"51","fold_2","Accipitriformes","within","only_Latitude",52,10.0369172535469,22.0369172535469,9.41219566123108,0.636945224512083,0.546181530640104,0.338737854239093,0.414867449725521,0.636784225377632
"52","fold_1","Anseriformes","within","only_Latitude",53,18.6848274140545,30.6848274140545,18.0601058217386,0.00536795907668341,-0.243290051154146,0.696373181494054,0.852879482609487,0.00492688266480889
"53","fold_2","Anseriformes","within","only_Latitude",54,13.1502364834444,25.1502364834444,12.5255148911285,0.362745936397699,0.203432420497123,0.439074800114092,0.537754609597021,0.362463341705128
"54","fold_1","Charadriiformes","within","only_Latitude",55,-2.56047316815877,21.4395268318412,-3.73215943085647,0.342386250350954,0.123181667134605,0.102798363019719,0.132712115997586,0.34209462701573
"55","fold_2","Charadriiformes","within","only_Latitude",56,16.3506070569209,28.3506070569209,15.7258854646051,0.16049220024387,-0.0493847496951618,0.573276033086713,0.702116881414667,0.160119914742477
"56","total","Accipitriformes","betweeen","only_Latitude",57,23.0040516664143,26.4326230949857,24.1977374848094,0.239389778097296,0.154877531219218,0.524123941095087,0.57944081875158,0.239052480268844
"57","total","Anseriformes","betweeen","only_Latitude",58,27.45418748491,30.45418748491,28.908907434274,0.140130443151649,0.0541434874668139,0.591547050311727,0.648007326562752,0.139749128089184
"58","total","Charadriiformes","betweeen","only_Latitude",59,19.6968158720677,23.1253873006391,20.8905016904628,0.183997184275085,0.0933302047500946,0.450969308651664,0.498565329587849,0.183635322220344
"59","total","Passeriformes","betweeen","only_Latitude",60,105.665925292315,106.040925292315,112.324448407843,0.0262510814813123,0.011497309988605,0.503535608573545,0.511107997525875,0.0258192658335395
"60","fold_1","Passeriformes","within","only_distance_mig",61,22.3012577280385,24.9679243947052,23.9961058004231,0.00387922352134046,-0.0866772107039921,0.452952922778272,0.492411741357496,0.00343748691945601
"61","fold_2","Passeriformes","within","only_distance_mig",62,23.6941420006066,26.0941420006066,25.6113139894523,0.0283239227371869,-0.0526490837013807,0.455206147901773,0.491678834812081,0.0278930263051099
"62","fold_3","Passeriformes","within","only_distance_mig",63,18.48752178285,20.88752178285,20.4046937716958,0.154766377068323,0.0843302418240163,0.377964269716953,0.408248070883111,0.154391552411304
"63","fold_4","Passeriformes","within","only_distance_mig",64,32.1892388252257,34.5892388252257,34.1064108140715,0.291713135956277,0.232689230619301,0.616554489428068,0.665954962070426,0.291399041280341
"64","fold_5","Passeriformes","within","only_distance_mig",65,14.5781351980291,17.2448018646958,16.2729832704137,0.105273809972903,0.0239350654249854,0.336549426575835,0.365867799630463,0.104877037496982
"65","fold_1","Accipitriformes","within","only_distance_mig",66,14.2471526076578,38.2471526076578,13.0754663449601,0.0193854243553277,-0.307486100859563,0.55199114613792,0.712617505415369,0.0189505640847339
"66","fold_2","Accipitriformes","within","only_distance_mig",67,11.1317411307809,23.1317411307809,10.507019538465,0.593136513704206,0.491420642130257,0.371096389935477,0.454498400365409,0.592956087295972
"67","fold_1","Anseriformes","within","only_distance_mig",68,7.63595387534017,19.6359538753402,7.01123228302434,0.0191433863213277,-0.22607076709834,0.27731283450841,0.339637471835239,0.0187084187173049
"68","fold_2","Anseriformes","within","only_distance_mig",69,17.0556487070391,29.0556487070391,16.4309271147233,0.386422335855594,0.233027919819493,0.607967121909571,0.744604614533452,0.386150240625025
"69","fold_1","Charadriiformes","within","only_distance_mig",70,7.81901881450926,31.8190188145093,6.64733255181156,0.00942874668838558,-0.320761671082153,0.29024303601382,0.374702148278069,0.00898947106067592
"70","fold_2","Charadriiformes","within","only_distance_mig",71,13.6956570830547,25.6956570830547,13.0709354907389,0.151951320180762,-0.0600608497740476,0.459491986804776,0.562760454284681,0.151575247167427
"71","total","Accipitriformes","betweeen","only_distance_mig",72,23.1872597894062,26.6158312179776,24.3809456078013,0.226615514711611,0.140683905235123,0.528506882068126,0.584286342313528,0.226272552048299
"72","total","Anseriformes","betweeen","only_distance_mig",73,22.980605991044,25.980605991044,24.435325940408,0.407718373716956,0.348490211088652,0.490949855557131,0.537808620985087,0.407455722360684
"73","total","Charadriiformes","betweeen","only_distance_mig",74,21.5271408111586,24.95571223973,22.7208266295537,0.0362701836001922,-0.0708109071108975,0.490093345291875,0.541818579527747,0.0358428109920873
"74","total","Passeriformes","betweeen","only_distance_mig",75,101.01988061298,101.39488061298,107.678403728508,0.0905597502501376,0.0767803525266548,0.486624285921814,0.493942354999568,0.0901564527233441
"75","fold_1","Passeriformes","within","only_PC1",76,21.4504393778087,24.1171060444753,23.1452874501933,0.663877454137684,0.633320859059292,0.438370487257001,0.476558962609057,0.66372839828549
"76","fold_2","Passeriformes","within","only_PC1",77,15.7095250540306,18.1095250540306,17.6266970428763,0.293756904598033,0.234903313314536,0.342265070810383,0.369688529007383,0.293443716245341
"77","fold_3","Passeriformes","within","only_PC1",78,19.1043460731249,21.5043460731249,21.0215180619707,0.0208177682585597,-0.0607807510532268,0.386383000007968,0.417341338887427,0.0203835431707103
"78","fold_4","Passeriformes","within","only_PC1",79,14.5317949758162,16.9317949758162,16.448966964662,0.226171303252216,0.161685578523234,0.328167355747951,0.354461256380772,0.22582814360028
"79","fold_5","Passeriformes","within","only_PC1",80,18.4781716123777,21.1448382790444,20.1730196847623,0.122773990502791,0.04302617145759,0.391015195803052,0.425078333266159,0.122384978602156
"80","fold_1","Accipitriformes","within","only_PC1",81,6.72424938627267,30.7242493862727,5.55256312357497,0.767851209060991,0.690468278747988,0.26014565466458,0.335846596034715,0.767748261084739
"81","fold_2","Accipitriformes","within","only_PC1",82,14.9593212793184,26.9593212793184,14.3345996870026,0.319756446364844,0.149695557956055,0.510518487981291,0.625254899905674,0.319454787687571
"82","fold_1","Anseriformes","within","only_PC1",83,8.43185543063464,20.4318554306346,7.8071338383188,0.0579461632968617,-0.177567295878923,0.296329308606144,0.36292780095839,0.0575284030508717
"83","fold_2","Anseriformes","within","only_PC1",84,-0.618465581660361,11.3815344183396,-1.2431871739762,0.962805513001167,0.953506891251459,0.139390304924876,0.170717561078451,0.962789018850374
"84","fold_1","Charadriiformes","within","only_PC1",85,14.2979598597659,38.2979598597659,13.1262735970682,0.0120618522048686,-0.317250863726842,0.554802798037319,0.716247332409272,0.0116237442458902
"85","fold_2","Charadriiformes","within","only_PC1",86,11.8772316197026,23.8772316197026,11.2525100273868,0.0321099368447951,-0.209862578944006,0.394881629334465,0.48362925033414,0.0316807193466848
"86","total","Accipitriformes","betweeen","only_PC1",87,20.61837881142,24.0469502399915,21.8120646298151,0.387688166742429,0.319653518602699,0.47026130576968,0.519893434886873,0.387416632853262
"87","total","Anseriformes","betweeen","only_PC1",88,5.9790258531852,8.97902585318519,7.4337458025492,0.856378136614055,0.842015950275461,0.241759353164511,0.264834102432122,0.856314446512025
"88","total","Charadriiformes","betweeen","only_PC1",89,21.2155121170859,24.6440835456573,22.409197935481,0.0631894250425331,-0.04090063884163,0.483200138338792,0.534197852505865,0.0627739899569866
"89","total","Passeriformes","betweeen","only_PC1",90,84.0329135518392,84.4079135518392,90.6914366673676,0.291591460154694,0.280857997429765,0.42948558086551,0.435944373078725,0.291277311520787
"90","fold_1","Passeriformes","within","only_diet",91,17.9380747545234,20.6047414211901,19.632922826908,0.0927976212848947,0.0103246777653399,0.382976437769944,0.416339281937922,0.0923953161573862
"91","fold_2","Passeriformes","within","only_diet",92,20.4403964739716,22.8403964739716,22.3575684628174,0.0130788725339927,-0.0691645547548412,0.405266628016362,0.437737988315359,0.0126412155796664
"92","fold_3","Passeriformes","within","only_diet",93,15.0246700140318,17.4246700140318,16.9418420028776,0.108351881973277,0.034047872137717,0.333995122352736,0.360755963750182,0.107956474489532
"93","fold_4","Passeriformes","within","only_diet",94,14.5166636972633,16.9166636972633,16.4338356861091,0.013078867486315,-0.0691645602231585,0.327990061097821,0.354269756271655,0.0126412105297503
"94","fold_5","Passeriformes","within","only_diet",95,36.8272772706204,39.493943937287,38.522125343005,0.00439433158394234,-0.0861152746356992,0.791936535125172,0.860925779910463,0.00395282341026715
"95","fold_1","Accipitriformes","within","only_diet",96,10.8426433179517,34.8426433179517,9.67095705525399,0.00097270754651646,-0.332036389937978,0.392713790290879,0.506991323207522,0.000529682030154608
"96","fold_2","Accipitriformes","within","only_diet",97,17.1633079483238,29.1633079483238,16.538586356008,0.228897377747367,0.0361217221842087,0.613446102703546,0.751314968161326,0.228555426991895
"97","fold_1","Anseriformes","within","only_diet",98,9.66567122921252,21.6656712292125,9.04094963689668,0.214184859149098,0.0177310739363723,0.32841870968901,0.402229130360658,0.213836384026176
"98","fold_2","Anseriformes","within","only_diet",99,11.6998505311617,23.6998505311617,11.0751289388458,0.75769044322965,0.697113054037062,0.38908751400096,0.476532937295179,0.757582989391984
"99","fold_1","Charadriiformes","within","only_diet",100,10.3347640461615,34.3347640461615,9.16307778346382,0.345691598316617,0.12758879775549,0.373266689864046,0.481885224512473,0.345401440760657
"100","fold_2","Charadriiformes","within","only_diet",101,12.4379474886974,24.4379474886974,11.8132258963815,0.0110698382314089,-0.236162702210739,0.41377087137736,0.506763752650651,0.0106312903570186
"101","total","Accipitriformes","betweeen","only_diet",102,25.8127394846353,29.2413109132067,27.0064253030304,0.018132578221514,-0.0909638019760957,0.595496679778481,0.658346350242547,0.0176971623676948
"102","total","Anseriformes","betweeen","only_diet",103,20.1867267401832,23.1867267401832,21.6414466895472,0.530739068475204,0.483812975322724,0.436998761043904,0.478708158051112,0.5305309714912
"103","total","Charadriiformes","betweeen","only_diet",104,21.7020152878956,25.130586716467,22.8957011062907,0.0208266830051364,-0.0879703522165152,0.494004542954141,0.546142571236631,0.0203924618705926
"104","total","Passeriformes","betweeen","only_diet",105,106.691358086077,107.066358086077,113.349881201605,0.0114557755332548,-0.00352216726169585,0.507346589624159,0.514976289778148,0.0110173988054125
"105","fold_1","Passeriformes","within","only_habita_for",106,18.1478569401704,20.814523606837,19.842705012555,0.0873821497674616,0.00441689065541273,0.386079000374685,0.419712123083311,0.0869774431119033
"106","fold_2","Passeriformes","within","only_habita_for",107,11.5572622257377,13.9572622257377,13.4744342145835,0.0381797192625656,-0.041971970798887,0.295092951546246,0.318736816816509,0.0377531934511691
"107","fold_3","Passeriformes","within","only_habita_for",108,38.0874056730813,40.4874056730813,40.0045776619271,0.00911378698967946,-0.0734600640945138,0.761123415253654,0.822107248957591,0.00867437169092757
"108","fold_4","Passeriformes","within","only_habita_for",109,21.2366907101377,23.6366907101377,23.1538626989834,0.00162241778903656,-0.0815757140618769,0.416957488742143,0.450365561132858,0.0011796803911454
"109","fold_5","Passeriformes","within","only_habita_for",110,23.1187189356215,25.7853856022882,24.8135670080061,0.0486308504218741,-0.0378572540852282,0.467420374609823,0.508139519656582,0.0482089592363916
"110","fold_1","Accipitriformes","within","only_habita_for",111,12.8120305792967,36.8120305792967,11.640344316599,0.0344976922243695,-0.287336410367507,0.47819557604063,0.617347834078474,0.0340695335927866
"111","fold_2","Accipitriformes","within","only_habita_for",112,15.0106306885391,27.0106306885391,14.3859090962233,0.12941091066758,-0.0882363616655248,0.512706028207922,0.627934078579204,0.129024841954789
"112","fold_1","Anseriformes","within","only_habita_for",113,11.3179574694859,23.3179574694859,10.6932358771701,0.00411322754689331,-0.244858465566383,0.376899987924703,0.461606327238331,0.00367159471570165
"113","fold_2","Anseriformes","within","only_habita_for",114,17.6876995400174,29.6876995400174,17.0629779477015,0.323035587658114,0.153794484572642,0.640847620701233,0.784874836797337,0.322735383138576
"114","fold_1","Charadriiformes","within","only_habita_for",115,8.98500826879516,32.9850082687952,7.81332200609747,0.0634391352465284,-0.248747819671295,0.326137011144058,0.421041070914266,0.0630238108966874
"115","fold_2","Charadriiformes","within","only_habita_for",116,16.2653062608897,28.2653062608897,15.6405846685739,0.0611811474155563,-0.173523565730555,0.569215407296614,0.697143650803603,0.0607648217454988
"116","total","Accipitriformes","betweeen","only_habita_for",117,21.63115425493,25.0597256835014,22.8248400733251,0.328635519792637,0.254039466436263,0.492415935826094,0.544386299975625,0.328337798601477
"117","total","Anseriformes","betweeen","only_habita_for",118,27.1786045206216,30.1786045206216,28.6333244699856,0.159652537085637,0.0756177907942007,0.584793387334074,0.640609059445456,0.159279879229847
"118","total","Charadriiformes","betweeen","only_habita_for",119,20.684158418569,24.1127298471404,21.8778442369641,0.107366378048449,0.00818486449827682,0.471669482839593,0.521450233213302,0.106970533536218
"119","total","Passeriformes","betweeen","only_habita_for",120,107.444698794865,107.819698794865,114.103221910393,0.000443260303379233,-0.0147015387829332,0.510164717304949,0.517836797696904,0
